[{"name":"Group 17","type":"GROUP","x":310,"y":2567,"width":1301,"height":395,"children":[{"name":"Products","type":"TEXT","x":310,"y":2567,"width":131,"height":21,"fills":[{"type":"SOLID","visible":true,"opacity":1,"blendMode":"NORMAL","color":{"r":0,"g":0,"b":0},"boundVariables":{}}],"characters":"Products","fontSize":18,"fontName":{"family":"Roboto","style":"Bold"},"textAlignHorizontal":"LEFT","textAlignVertical":"TOP","lineHeight":{"unit":"AUTO"},"tailwind":{"width":"w-131","height":"h-21","margin-left":"ml-310","font-size":"text-18"}},{"name":"For Resin/Rosin Pod System Full Ceramic D9 Distillate US STOCK Dab Pen 510 Cartridge D8 Distillate","type":"TEXT","x":310,"y":2599,"width":131,"height":256,"fills":[{"type":"SOLID","visible":true,"opacity":1,"blendMode":"NORMAL","color":{"r":0.3333333432674408,"g":0.3333333432674408,"b":0.3333333432674408},"boundVariables":{}}],"characters":"For Resin/Rosin\nPod System\nFull Ceramic\nD9 Distillate\nUS STOCK\nDab Pen\n510 Cartridge\nD8 Distillate","fontSize":16,"fontName":{"family":"Roboto","style":"Regular"},"textAlignHorizontal":"LEFT","textAlignVertical":"TOP","lineHeight":{"unit":"PIXELS","value":32},"tailwind":{"width":"w-131","height":"h-256","margin-left":"ml-310","font-size":"text-16"}},{"name":"Technology","type":"TEXT","x":547,"y":2567,"width":131,"height":21,"fills":[{"type":"SOLID","visible":true,"opacity":1,"blendMode":"NORMAL","color":{"r":0,"g":0,"b":0},"boundVariables":{}}],"characters":"Technology","fontSize":18,"fontName":{"family":"Roboto","style":"Bold"},"textAlignHorizontal":"LEFT","textAlignVertical":"TOP","lineHeight":{"unit":"AUTO"},"tailwind":{"width":"w-131","height":"h-21","margin-left":"ml-547","font-size":"text-18"}},{"name":"Product Support Repair Service After-Sales Policy Care Service Downloads","type":"TEXT","x":547,"y":2599,"width":153,"height":160,"fills":[{"type":"SOLID","visible":true,"opacity":1,"blendMode":"NORMAL","color":{"r":0.3333333432674408,"g":0.3333333432674408,"b":0.3333333432674408},"boundVariables":{}}],"characters":"Product Support\r\nRepair Service\r\nAfter-Sales Policy\r\nCare Service\r\nDownloads","fontSize":16,"fontName":{"family":"Roboto","style":"Regular"},"textAlignHorizontal":"LEFT","textAlignVertical":"TOP","lineHeight":{"unit":"PIXELS","value":32},"tailwind":{"width":"w-153","height":"h-160","margin-left":"ml-547","font-size":"text-16"}},{"name":"Customize","type":"TEXT","x":806,"y":2567,"width":131,"height":21,"fills":[{"type":"SOLID","visible":true,"opacity":1,"blendMode":"NORMAL","color":{"r":0,"g":0,"b":0},"boundVariables":{}}],"characters":"Customize","fontSize":18,"fontName":{"family":"Roboto","style":"Bold"},"textAlignHorizontal":"LEFT","textAlignVertical":"TOP","lineHeight":{"unit":"AUTO"},"tailwind":{"width":"w-131","height":"h-21","margin-left":"ml-806","font-size":"text-18"}},{"name":"For Resin/Rosin Pod System Full Ceramic D9 Distillate US STOCK Dab Pen 510 Cartridge D8 Distillate","type":"TEXT","x":806,"y":2599,"width":113,"height":288,"fills":[{"type":"SOLID","visible":true,"opacity":1,"blendMode":"NORMAL","color":{"r":0.3333333432674408,"g":0.3333333432674408,"b":0.3333333432674408},"boundVariables":{}}],"characters":"For Resin/Rosin\nPod System\nFull Ceramic\nD9 Distillate\nUS STOCK\nDab Pen\n510 Cartridge\nD8 Distillate","fontSize":16,"fontName":{"family":"Roboto","style":"Regular"},"textAlignHorizontal":"LEFT","textAlignVertical":"TOP","lineHeight":{"unit":"PIXELS","value":32},"tailwind":{"width":"w-113","height":"h-288","margin-left":"ml-806","font-size":"text-16"}},{"name":"Why Caleaf","type":"TEXT","x":1026,"y":2567,"width":131,"height":21,"fills":[{"type":"SOLID","visible":true,"opacity":1,"blendMode":"NORMAL","color":{"r":0,"g":0,"b":0},"boundVariables":{}}],"characters":"Why Caleaf","fontSize":18,"fontName":{"family":"Roboto","style":"Bold"},"textAlignHorizontal":"LEFT","textAlignVertical":"TOP","lineHeight":{"unit":"AUTO"},"tailwind":{"width":"w-131","height":"h-21","margin-left":"ml-1026","font-size":"text-18"}},{"name":"About Caleaf Press Blog CSR Awards Join Us","type":"TEXT","x":1025,"y":2599,"width":102,"height":192,"fills":[{"type":"SOLID","visible":true,"opacity":1,"blendMode":"NORMAL","color":{"r":0.3333333432674408,"g":0.3333333432674408,"b":0.3333333432674408},"boundVariables":{}}],"characters":"About Caleaf\nPress\r\nBlog\r\nCSR\r\nAwards\r\nJoin Us","fontSize":16,"fontName":{"family":"Roboto","style":"Regular"},"textAlignHorizontal":"LEFT","textAlignVertical":"TOP","lineHeight":{"unit":"PIXELS","value":32},"tailwind":{"width":"w-102","height":"h-192","margin-left":"ml-1025","font-size":"text-16"}},{"name":"Subscribe","type":"TEXT","x":1313,"y":2567,"width":131,"height":21,"fills":[{"type":"SOLID","visible":true,"opacity":1,"blendMode":"NORMAL","color":{"r":0,"g":0,"b":0},"boundVariables":{}}],"characters":"Subscribe","fontSize":18,"fontName":{"family":"Roboto","style":"Bold"},"textAlignHorizontal":"LEFT","textAlignVertical":"TOP","lineHeight":{"unit":"AUTO"},"tailwind":{"width":"w-131","height":"h-21","margin-left":"ml-1313","font-size":"text-18"}},{"name":"Get the latest news from CALEAF TECH","type":"TEXT","x":1313,"y":2599,"width":297,"height":32,"fills":[{"type":"SOLID","visible":true,"opacity":1,"blendMode":"NORMAL","color":{"r":0.3333333432674408,"g":0.3333333432674408,"b":0.3333333432674408},"boundVariables":{}}],"characters":"Get the latest news from CALEAF TECH","fontSize":16,"fontName":{"family":"Roboto","style":"Regular"},"textAlignHorizontal":"LEFT","textAlignVertical":"TOP","lineHeight":{"unit":"PIXELS","value":32},"tailwind":{"width":"w-297","height":"h-32","margin-left":"ml-1313","font-size":"text-16"}},{"name":"I agree with the Privacy Policy and l'dlike to receive the latest CALEAF TECH newsand deals by email.","type":"TEXT","x":1342,"y":2709,"width":268,"height":66,"characters":"I agree with the Privacy Policy and l'dlike to receive the latest CALEAF TECH newsand deals by email.","fontSize":14,"fontName":{"family":"Roboto","style":"Regular"},"textAlignHorizontal":"LEFT","textAlignVertical":"TOP","lineHeight":{"unit":"PIXELS","value":22},"tailwind":{"width":"w-268","height":"h-66","margin-left":"ml-1342","font-size":"text-14"}},{"name":"Rectangle 30","type":"RECTANGLE","x":1313,"y":2648,"width":279,"height":44,"fills":[{"type":"SOLID","visible":true,"opacity":1,"blendMode":"NORMAL","color":{"r":1,"g":1,"b":1},"boundVariables":{}}],"strokes":[{"type":"SOLID","opacity":1,"blendMode":"NORMAL","color":"#d9d9d9"}],"tailwind":{"width":"w-279","height":"h-44","margin-left":"ml-1313"}},{"name":"Rectangle 31","type":"RECTANGLE","x":1520,"y":2648,"width":90,"height":44,"fills":[{"type":"SOLID","visible":true,"opacity":1,"blendMode":"NORMAL","color":{"r":0.10980392247438431,"g":0.9058823585510254,"b":0.5215686559677124},"boundVariables":{}}],"strokes":[null],"tailwind":{"width":"w-90","height":"h-44","margin-left":"ml-1520"}},{"name":"Sign Up","type":"TEXT","x":1537.5,"y":2654,"width":55,"height":32,"fills":[{"type":"SOLID","visible":true,"opacity":1,"blendMode":"NORMAL","color":{"r":0,"g":0,"b":0},"boundVariables":{}}],"characters":"Sign Up","fontSize":16,"fontName":{"family":"Roboto","style":"Regular"},"textAlignHorizontal":"LEFT","textAlignVertical":"TOP","lineHeight":{"unit":"PIXELS","value":32},"tailwind":{"width":"w-55","height":"h-32","margin-left":"ml-1538","font-size":"text-16"}},{"name":"Email","type":"TEXT","x":1330.75,"y":2654,"width":40,"height":32,"fills":[{"type":"SOLID","visible":true,"opacity":1,"blendMode":"NORMAL","color":{"r":0.6000000238418579,"g":0.6000000238418579,"b":0.6000000238418579},"boundVariables":{}}],"characters":"Email","fontSize":16,"fontName":{"family":"Roboto","style":"Regular"},"textAlignHorizontal":"LEFT","textAlignVertical":"TOP","lineHeight":{"unit":"PIXELS","value":32},"tailwind":{"width":"w-40","height":"h-32","margin-left":"ml-1331","font-size":"text-16"}},{"name":"Rectangle 32","type":"RECTANGLE","x":1316,"y":2712,"width":16.000001907348633,"height":16.000001907348633,"fills":[{"type":"SOLID","visible":true,"opacity":1,"blendMode":"NORMAL","color":{"r":1,"g":1,"b":1},"boundVariables":{}}],"strokes":[{"type":"SOLID","opacity":1,"blendMode":"NORMAL","color":"#d9d9d9"}],"cornerRadius":4,"tailwind":{"width":"w-16","height":"h-16","margin-left":"ml-1316"}},{"name":"Line 1","type":"LINE","x":310,"y":2911,"width":1300,"height":0,"opacity":0.10000000149011612,"rotation":-0.000005008956130975318,"strokes":[{"type":"SOLID","opacity":1,"blendMode":"NORMAL","color":"#000000"}],"tailwind":{"width":"w-1300","height":"h-0","margin-left":"ml-310"}},{"type":"VECTOR","x":1313,"y":2811,"width":18,"height":18},{"type":"VECTOR","x":1362.9658203125,"y":2811,"width":18,"height":18},{"type":"VECTOR","x":1412.931640625,"y":2811,"width":18,"height":18},{"type":"VECTOR","x":1462.8974609375,"y":2811,"width":18.123046875,"height":18},{"type":"VECTOR","x":1513,"y":2811,"width":18,"height":18},{"name":"Copyright © 2025 CALEAF TECH All rights reserved.","type":"TEXT","x":310,"y":2940,"width":322,"height":22,"fills":[{"type":"SOLID","visible":true,"opacity":1,"blendMode":"NORMAL","color":{"r":0.3333333432674408,"g":0.3333333432674408,"b":0.3333333432674408},"boundVariables":{}}],"characters":"Copyright © 2025 CALEAF TECH All rights reserved.","fontSize":14,"fontName":{"family":"Roboto","style":"Regular"},"textAlignHorizontal":"LEFT","textAlignVertical":"TOP","lineHeight":{"unit":"PIXELS","value":22},"tailwind":{"width":"w-322","height":"h-22","margin-left":"ml-310","font-size":"text-14"}},{"name":"Designed by HOLY","type":"TEXT","x":1497,"y":2940,"width":114,"height":22,"fills":[{"type":"SOLID","visible":true,"opacity":1,"blendMode":"NORMAL","color":{"r":0.3333333432674408,"g":0.3333333432674408,"b":0.3333333432674408},"boundVariables":{}}],"characters":"Designed by HOLY","fontSize":14,"fontName":{"family":"Roboto","style":"Regular"},"textAlignHorizontal":"LEFT","textAlignVertical":"TOP","lineHeight":{"unit":"PIXELS","value":22},"tailwind":{"width":"w-114","height":"h-22","margin-left":"ml-1497","font-size":"text-14"}}],"tailwind":{"width":"w-1301","height":"h-395","margin-left":"ml-310"}}]